Workbook

Sheet sheet-one
B2: Main Title
B3: Total plus: | C3: =calculation!D4 -> 30
B5: total minus: | C5: =calculation!E4 -> 0
B7: Date | C7: 44196

Sheet calculation
F1: Max Mustermann | G1: Mandy Musterfrau
C3: SOLL | D3: IN | E3: OUT | F3: Mustermann | G3: Musterfrau
A4: unassigned: | B4: =COUNTIF(B6:B4314,"Fehlt!") -> 0 | C4: =SUM(C6:C314) -> 0 | D4: =SUM(D6:D114) -> 30 | E4: =SUM(E6:E99129) -> 0 | F4: =SUM(F6:F314) -> 30 | G4: =SUM(G6:G314) -> 30
A5: Date | B5: assigned | C5: =SUM(F5:G5) -> 60 | F5: =F4-$C$4 -> 30 | G5: =G4-$C$4 -> 30
A6: =values!A6 -> 31.03.2020 | B6: =IF(SUM(E6:G6)<>0,"yes","missing!") -> yes | D6: =IF(values!B7>0,values!B7,0) -> 30 | E6: =IF(values!B7<0,values!B7,0) -> 0 | F6: =IF( AND( values!$B6 > 0, OR( ISNUMBER(SEARCH(F$3, values!$C6)), ISNUMBER(SEARCH(F$3, values!$D6)), AND(F$2 = values!$E6, F$2<>"") ) ), values!$B6, 0 ) -> 30 | G6: =IF( AND( values!$B6 > 0, OR( ISNUMBER(SEARCH(G$3, values!$C6)), ISNUMBER(SEARCH(G$3, values!$D6)), AND(G$2 = values!$E6, G$2<>"") ) ), values!$B6, 0 ) -> 0
A7: =values!A7 -> 31.03.2020 | B7: =IF(SUM(E7:G7)<>0,"yes","missing!") -> yes | D7: =IF(values!B8>0,values!B8,0) -> 0 | E7: =IF(values!B8<0,values!B8,0) -> 0 | F7: =IF( AND( values!$B7 > 0, OR( ISNUMBER(SEARCH(F$3, values!$C7)), ISNUMBER(SEARCH(F$3, values!$D7)), AND(F$2 = values!$E7, F$2<>"") ) ), values!$B7, 0 ) -> 0 | G7: =IF( AND( values!$B7 > 0, OR( ISNUMBER(SEARCH(G$3, values!$C7)), ISNUMBER(SEARCH(G$3, values!$D7)), AND(G$2 = values!$E7, G$2<>"") ) ), values!$B7, 0 ) -> 30

Sheet values
A1: Total: | B1: =SUM(B6:B999341) -> 60
A5: Date | B5: Value | C5: Sender | D5: Description | E5: IBAN
A6: 31.03.2020 | B6: 30 | C6: Mustermann | D6: Kasse Max Mustermann | E6: DE1234567891234
A7: 31.03.2020 | B7: 30 | C7: Musterfrau | D7: Kasse Max Musterfrau | E7: DE1234565488749
